{
    "library": "TorchRadon",
    "batch_size": 32,
    "warmup": 50,
    "repeats": 250,
    "gpu": "GeForce GTX 1650",
    "results": [
        {
            "task": "parallel forward",
            "num angles": 256,
            "det count": 256,
            "time": 1.2156982421875,
            "fps": 6580.580379556181
        },
        {
            "task": "parallel backward",
            "num angles": 256,
            "det count": 256,
            "time": 1.2410893440246582,
            "fps": 6445.950115128097
        },
        {
            "task": "fanbeam forward",
            "num angles": 256,
            "det count": 256,
            "source distance": 256,
            "detector distance": 256,
            "time": 1.2306406497955322,
            "fps": 6500.679139218406
        },
        {
            "task": "fanbeam backward",
            "num angles": 256,
            "det count": 256,
            "source distance": 256,
            "detector distance": 256,
            "time": 1.2286744117736816,
            "fps": 6511.0821250451645
        }
    ]
}